node_id,degree,deg_centr,deg_centr_norm
0,4,0.4444444444444444,0.1111111111111111
1,4,0.4444444444444444,0.1111111111111111
2,3,0.3333333333333333,0.08333333333333333
3,6,0.6666666666666666,0.16666666666666666
4,3,0.3333333333333333,0.08333333333333333
5,5,0.5555555555555556,0.1388888888888889
6,5,0.5555555555555556,0.1388888888888889
7,3,0.3333333333333333,0.08333333333333333
8,2,0.2222222222222222,0.05555555555555555
9,1,0.1111111111111111,0.027777777777777776
